id,Anger,Disgust,Fear,Joy,Sadness,Surprise
swe_test_track_a_00001,0,0,0,0,0,0
swe_test_track_a_00002,0,0,0,1,0,0
swe_test_track_a_00003,0,0,0,1,0,0
swe_test_track_a_00004,0,0,0,0,0,0
swe_test_track_a_00005,0,0,0,0,0,0
swe_test_track_a_00006,1,1,0,0,1,0
swe_test_track_a_00007,0,1,0,1,0,0
swe_test_track_a_00008,0,0,0,0,0,0
swe_test_track_a_00009,1,1,0,0,1,1
swe_test_track_a_00010,1,1,0,1,1,0
swe_test_track_a_00011,0,0,0,0,0,0
swe_test_track_a_00012,0,0,0,1,0,0
swe_test_track_a_00013,0,0,0,1,0,0
swe_test_track_a_00014,1,1,0,0,1,0
swe_test_track_a_00015,0,0,0,1,0,0
swe_test_track_a_00016,0,0,0,1,0,0
swe_test_track_a_00017,0,0,0,0,0,0
swe_test_track_a_00018,0,0,0,1,0,0
swe_test_track_a_00019,1,1,0,1,1,0
swe_test_track_a_00020,1,1,0,0,1,0
swe_test_track_a_00021,0,0,0,0,0,0
swe_test_track_a_00022,0,0,0,1,0,0
swe_test_track_a_00023,0,0,0,0,0,0
swe_test_track_a_00024,0,0,0,0,0,0
swe_test_track_a_00025,0,0,0,0,0,0
swe_test_track_a_00026,0,0,0,0,0,0
swe_test_track_a_00027,0,0,0,0,0,0
swe_test_track_a_00028,0,0,0,0,0,0
swe_test_track_a_00029,0,0,0,1,0,0
swe_test_track_a_00030,0,0,0,1,0,0
swe_test_track_a_00031,0,0,0,1,0,0
swe_test_track_a_00032,0,0,0,0,0,0
swe_test_track_a_00033,0,0,0,1,0,0
swe_test_track_a_00034,0,0,0,1,0,0
swe_test_track_a_00035,0,0,0,0,0,0
swe_test_track_a_00036,1,1,0,0,1,1
swe_test_track_a_00037,0,0,0,0,0,0
swe_test_track_a_00038,0,0,0,0,0,0
swe_test_track_a_00039,0,0,0,0,0,0
swe_test_track_a_00040,0,0,0,0,0,0
swe_test_track_a_00041,0,0,0,1,0,0
swe_test_track_a_00042,0,0,0,0,0,0
swe_test_track_a_00043,1,1,0,0,1,0
swe_test_track_a_00044,1,1,0,1,1,0
swe_test_track_a_00045,0,0,0,0,0,0
swe_test_track_a_00046,0,0,0,0,0,0
swe_test_track_a_00047,0,0,0,1,0,0
swe_test_track_a_00048,0,0,0,1,0,0
swe_test_track_a_00049,0,0,0,0,0,0
swe_test_track_a_00050,0,0,0,1,0,0
swe_test_track_a_00051,0,0,0,0,0,0
swe_test_track_a_00052,0,0,0,1,0,0
swe_test_track_a_00053,1,1,0,0,1,0
swe_test_track_a_00054,0,0,0,0,0,0
swe_test_track_a_00055,0,0,0,0,0,0
swe_test_track_a_00056,1,1,0,0,1,0
swe_test_track_a_00057,0,0,0,1,0,0
swe_test_track_a_00058,0,0,0,0,0,0
swe_test_track_a_00059,1,1,0,0,1,1
swe_test_track_a_00060,0,0,1,0,0,0
swe_test_track_a_00061,0,0,0,0,0,0
swe_test_track_a_00062,0,0,0,0,0,0
swe_test_track_a_00063,1,1,0,1,1,0
swe_test_track_a_00064,0,0,0,1,0,0
swe_test_track_a_00065,0,0,0,0,0,0
swe_test_track_a_00066,0,0,0,1,0,0
swe_test_track_a_00067,0,0,0,0,0,0
swe_test_track_a_00068,0,0,0,0,0,0
swe_test_track_a_00069,0,0,0,0,0,0
swe_test_track_a_00070,0,0,0,0,0,0
swe_test_track_a_00071,0,0,0,0,0,0
swe_test_track_a_00072,0,0,0,1,0,0
swe_test_track_a_00073,1,1,0,1,1,0
swe_test_track_a_00074,0,0,0,0,0,0
swe_test_track_a_00075,0,0,0,0,0,0
swe_test_track_a_00076,0,0,0,0,0,0
swe_test_track_a_00077,1,1,0,0,1,0
swe_test_track_a_00078,0,0,0,1,0,0
swe_test_track_a_00079,0,0,0,0,0,0
swe_test_track_a_00080,0,0,0,1,0,0
swe_test_track_a_00081,0,1,0,0,0,0
swe_test_track_a_00082,0,0,0,0,0,0
swe_test_track_a_00083,0,0,0,1,1,0
swe_test_track_a_00084,0,0,0,1,0,0
swe_test_track_a_00085,1,1,0,0,1,0
swe_test_track_a_00086,0,0,0,1,0,0
swe_test_track_a_00087,0,0,0,0,0,0
swe_test_track_a_00088,0,0,0,1,0,0
swe_test_track_a_00089,0,0,0,1,0,0
swe_test_track_a_00090,0,1,0,0,1,0
swe_test_track_a_00091,0,0,0,0,0,0
swe_test_track_a_00092,0,0,0,0,0,0
swe_test_track_a_00093,0,0,0,1,0,0
swe_test_track_a_00094,0,0,0,0,0,0
swe_test_track_a_00095,0,0,0,0,0,0
swe_test_track_a_00096,0,0,0,0,0,0
swe_test_track_a_00097,0,1,0,1,1,0
swe_test_track_a_00098,1,1,0,0,1,0
swe_test_track_a_00099,0,0,0,0,0,0
swe_test_track_a_00100,1,0,0,0,0,0
swe_test_track_a_00101,0,0,0,0,0,0
swe_test_track_a_00102,0,0,0,0,0,0
swe_test_track_a_00103,0,0,0,0,0,0
swe_test_track_a_00104,1,0,0,0,0,0
swe_test_track_a_00105,0,0,0,0,0,0
swe_test_track_a_00106,0,0,0,1,0,0
swe_test_track_a_00107,0,0,0,0,0,0
swe_test_track_a_00108,0,1,0,0,1,0
swe_test_track_a_00109,0,0,0,0,0,0
swe_test_track_a_00110,0,0,0,1,1,0
swe_test_track_a_00111,0,0,0,1,0,0
swe_test_track_a_00112,0,0,0,0,0,0
swe_test_track_a_00113,0,0,0,0,0,0
swe_test_track_a_00114,0,0,0,1,0,0
swe_test_track_a_00115,1,0,0,0,0,0
swe_test_track_a_00116,0,0,0,1,0,0
swe_test_track_a_00117,0,0,0,0,0,0
swe_test_track_a_00118,0,0,0,0,0,0
swe_test_track_a_00119,1,1,0,0,1,0
swe_test_track_a_00120,1,1,0,0,1,0
swe_test_track_a_00121,0,0,0,0,0,0
swe_test_track_a_00122,0,0,0,0,0,0
swe_test_track_a_00123,0,0,0,1,0,0
swe_test_track_a_00124,0,0,0,1,0,0
swe_test_track_a_00125,0,0,0,0,0,0
swe_test_track_a_00126,0,0,0,1,0,0
swe_test_track_a_00127,0,0,0,0,0,0
swe_test_track_a_00128,0,0,0,1,0,0
swe_test_track_a_00129,0,0,0,1,0,0
swe_test_track_a_00130,0,0,0,0,0,0
swe_test_track_a_00131,0,0,0,1,0,0
swe_test_track_a_00132,1,1,0,0,1,0
swe_test_track_a_00133,0,0,0,1,0,0
swe_test_track_a_00134,0,1,0,1,1,0
swe_test_track_a_00135,0,0,0,1,0,0
swe_test_track_a_00136,0,0,0,0,0,0
swe_test_track_a_00137,0,1,0,1,1,0
swe_test_track_a_00138,1,1,0,0,1,0
swe_test_track_a_00139,0,0,0,1,0,0
swe_test_track_a_00140,0,0,0,1,0,0
swe_test_track_a_00141,0,0,0,1,0,0
swe_test_track_a_00142,0,0,0,1,0,0
swe_test_track_a_00143,0,0,0,1,0,0
swe_test_track_a_00144,0,1,0,1,1,0
swe_test_track_a_00145,0,0,0,1,0,0
swe_test_track_a_00146,1,1,0,1,1,0
swe_test_track_a_00147,1,0,0,0,0,0
swe_test_track_a_00148,1,1,0,0,1,0
swe_test_track_a_00149,0,0,0,0,0,0
swe_test_track_a_00150,0,0,0,0,0,0
swe_test_track_a_00151,1,1,0,0,1,0
swe_test_track_a_00152,0,0,0,1,0,0
swe_test_track_a_00153,0,0,0,1,0,0
swe_test_track_a_00154,1,1,0,0,1,0
swe_test_track_a_00155,0,0,0,0,0,0
swe_test_track_a_00156,1,1,0,0,1,0
swe_test_track_a_00157,0,0,0,1,0,0
swe_test_track_a_00158,1,1,0,0,0,0
swe_test_track_a_00159,0,0,0,0,0,0
swe_test_track_a_00160,0,0,1,0,0,0
swe_test_track_a_00161,0,0,0,1,0,0
swe_test_track_a_00162,0,0,0,0,0,0
swe_test_track_a_00163,0,0,0,1,0,0
swe_test_track_a_00164,1,1,0,0,1,0
swe_test_track_a_00165,1,1,0,0,0,0
swe_test_track_a_00166,0,0,0,1,0,0
swe_test_track_a_00167,0,0,0,0,0,0
swe_test_track_a_00168,1,1,0,0,0,0
swe_test_track_a_00169,1,1,0,0,0,0
swe_test_track_a_00170,0,0,0,1,1,0
swe_test_track_a_00171,1,1,0,0,1,0
swe_test_track_a_00172,0,0,0,0,0,0
swe_test_track_a_00173,0,0,0,0,0,0
swe_test_track_a_00174,0,0,0,0,0,0
swe_test_track_a_00175,0,0,0,1,0,0
swe_test_track_a_00176,1,1,0,0,1,0
swe_test_track_a_00177,1,1,0,0,1,1
swe_test_track_a_00178,1,1,0,0,0,0
swe_test_track_a_00179,0,0,0,1,0,0
swe_test_track_a_00180,0,0,0,1,0,0
swe_test_track_a_00181,1,1,0,0,1,0
swe_test_track_a_00182,1,1,0,0,1,0
swe_test_track_a_00183,0,0,0,1,0,0
swe_test_track_a_00184,1,1,0,0,1,0
swe_test_track_a_00185,0,0,0,0,0,0
swe_test_track_a_00186,0,0,0,0,0,0
swe_test_track_a_00187,0,0,0,0,0,0
swe_test_track_a_00188,0,0,0,1,0,0
swe_test_track_a_00189,1,1,0,0,1,0
swe_test_track_a_00190,1,1,0,0,0,0
swe_test_track_a_00191,1,1,0,0,1,0
swe_test_track_a_00192,0,0,0,0,0,0
swe_test_track_a_00193,0,0,0,1,0,0
swe_test_track_a_00194,0,0,0,0,0,0
swe_test_track_a_00195,0,0,0,0,0,0
swe_test_track_a_00196,1,1,0,0,1,1
swe_test_track_a_00197,1,0,0,0,0,0
swe_test_track_a_00198,0,0,0,1,0,0
swe_test_track_a_00199,0,0,0,1,0,0
swe_test_track_a_00200,1,1,0,0,1,0
swe_test_track_a_00201,0,0,0,1,0,0
swe_test_track_a_00202,0,0,0,1,0,0
swe_test_track_a_00203,0,0,0,0,0,0
swe_test_track_a_00204,0,1,0,1,1,0
swe_test_track_a_00205,0,0,0,0,0,0
swe_test_track_a_00206,1,1,0,0,1,0
swe_test_track_a_00207,0,0,0,1,0,0
swe_test_track_a_00208,0,0,0,1,0,0
swe_test_track_a_00209,0,0,0,1,0,0
swe_test_track_a_00210,1,1,0,0,0,0
swe_test_track_a_00211,1,1,0,0,1,1
swe_test_track_a_00212,0,0,0,1,0,0
swe_test_track_a_00213,0,0,0,1,0,0
swe_test_track_a_00214,1,1,0,0,1,0
swe_test_track_a_00215,1,1,0,0,1,0
swe_test_track_a_00216,1,0,0,0,0,0
swe_test_track_a_00217,0,0,0,1,0,0
swe_test_track_a_00218,1,1,0,1,1,0
swe_test_track_a_00219,0,0,0,1,0,0
swe_test_track_a_00220,0,0,0,0,0,0
swe_test_track_a_00221,0,0,0,0,0,0
swe_test_track_a_00222,1,0,0,0,0,0
swe_test_track_a_00223,0,0,0,0,0,0
swe_test_track_a_00224,0,0,0,1,0,0
swe_test_track_a_00225,0,0,0,0,0,0
swe_test_track_a_00226,0,0,0,1,0,0
swe_test_track_a_00227,0,0,0,1,0,0
swe_test_track_a_00228,0,0,0,0,0,0
swe_test_track_a_00229,0,0,0,1,0,0
swe_test_track_a_00230,0,0,0,0,0,0
swe_test_track_a_00231,0,0,0,1,0,0
swe_test_track_a_00232,0,0,0,0,0,0
swe_test_track_a_00233,0,0,0,1,0,0
swe_test_track_a_00234,0,0,0,1,0,0
swe_test_track_a_00235,0,0,0,1,0,0
swe_test_track_a_00236,0,0,0,0,0,0
swe_test_track_a_00237,1,1,0,0,1,0
swe_test_track_a_00238,1,1,0,0,0,0
swe_test_track_a_00239,0,0,0,1,0,0
swe_test_track_a_00240,0,0,0,0,0,0
swe_test_track_a_00241,0,0,0,0,0,0
swe_test_track_a_00242,1,0,0,0,0,0
swe_test_track_a_00243,0,0,0,0,0,0
swe_test_track_a_00244,0,0,0,1,0,0
swe_test_track_a_00245,1,0,0,0,0,0
swe_test_track_a_00246,0,0,0,0,0,0
swe_test_track_a_00247,0,0,0,1,0,0
swe_test_track_a_00248,0,0,0,0,0,0
swe_test_track_a_00249,0,0,0,0,0,0
swe_test_track_a_00250,0,0,0,0,0,0
swe_test_track_a_00251,0,0,0,0,0,0
swe_test_track_a_00252,0,0,0,0,0,0
swe_test_track_a_00253,1,0,0,0,0,0
swe_test_track_a_00254,0,0,0,1,0,0
swe_test_track_a_00255,0,0,0,1,0,0
swe_test_track_a_00256,0,0,0,1,0,0
swe_test_track_a_00257,0,0,0,1,0,0
swe_test_track_a_00258,1,1,0,0,1,1
swe_test_track_a_00259,0,0,0,0,0,0
swe_test_track_a_00260,1,0,0,0,0,0
swe_test_track_a_00261,0,0,0,1,0,0
swe_test_track_a_00262,0,0,0,0,0,0
swe_test_track_a_00263,0,0,0,1,0,0
swe_test_track_a_00264,0,0,0,1,0,0
swe_test_track_a_00265,0,0,0,0,0,0
swe_test_track_a_00266,1,1,0,0,1,0
swe_test_track_a_00267,1,1,0,0,1,0
swe_test_track_a_00268,0,0,0,1,0,0
swe_test_track_a_00269,0,0,0,0,0,0
swe_test_track_a_00270,0,1,0,1,1,0
swe_test_track_a_00271,0,0,0,1,0,0
swe_test_track_a_00272,0,0,0,0,0,0
swe_test_track_a_00273,0,0,0,1,0,0
swe_test_track_a_00274,0,0,0,1,0,0
swe_test_track_a_00275,1,1,0,0,1,0
swe_test_track_a_00276,0,0,0,0,0,0
swe_test_track_a_00277,0,0,0,0,0,0
swe_test_track_a_00278,0,0,0,1,0,0
swe_test_track_a_00279,0,0,0,1,0,0
swe_test_track_a_00280,0,0,0,1,0,0
swe_test_track_a_00281,0,0,0,0,0,0
swe_test_track_a_00282,0,0,0,1,0,0
swe_test_track_a_00283,0,0,0,1,0,0
swe_test_track_a_00284,1,1,0,0,1,0
swe_test_track_a_00285,0,0,0,1,0,0
swe_test_track_a_00286,0,0,0,1,0,0
swe_test_track_a_00287,0,1,0,1,1,0
swe_test_track_a_00288,1,0,0,0,0,0
swe_test_track_a_00289,0,0,0,0,0,0
swe_test_track_a_00290,0,0,0,0,0,0
swe_test_track_a_00291,0,0,0,1,0,0
swe_test_track_a_00292,1,1,0,0,1,0
swe_test_track_a_00293,0,1,0,1,1,0
swe_test_track_a_00294,0,0,0,0,0,0
swe_test_track_a_00295,1,1,0,0,1,0
swe_test_track_a_00296,0,0,0,1,0,0
swe_test_track_a_00297,1,1,0,0,1,0
swe_test_track_a_00298,0,0,0,1,0,0
swe_test_track_a_00299,1,1,0,0,1,1
swe_test_track_a_00300,0,0,0,1,0,0
swe_test_track_a_00301,0,1,0,0,0,0
swe_test_track_a_00302,0,0,0,1,0,0
swe_test_track_a_00303,0,1,0,0,1,0
swe_test_track_a_00304,0,0,0,1,0,0
swe_test_track_a_00305,0,0,0,0,0,0
swe_test_track_a_00306,1,1,0,0,1,0
swe_test_track_a_00307,0,0,0,0,0,0
swe_test_track_a_00308,0,0,0,1,0,0
swe_test_track_a_00309,0,0,0,0,0,0
swe_test_track_a_00310,0,0,0,1,0,0
swe_test_track_a_00311,0,0,0,1,0,0
swe_test_track_a_00312,0,0,0,1,0,0
swe_test_track_a_00313,0,0,0,1,0,0
swe_test_track_a_00314,0,0,0,0,0,0
swe_test_track_a_00315,1,1,0,0,1,1
swe_test_track_a_00316,0,0,0,0,0,0
swe_test_track_a_00317,1,1,0,0,1,1
swe_test_track_a_00318,0,0,0,1,0,0
swe_test_track_a_00319,0,0,0,1,0,0
swe_test_track_a_00320,1,1,0,0,1,0
swe_test_track_a_00321,0,0,0,0,0,0
swe_test_track_a_00322,0,0,0,0,0,0
swe_test_track_a_00323,1,1,0,0,1,0
swe_test_track_a_00324,1,1,0,0,1,1
swe_test_track_a_00325,0,0,0,1,0,0
swe_test_track_a_00326,0,0,0,0,0,0
swe_test_track_a_00327,0,0,0,0,0,0
swe_test_track_a_00328,0,0,0,0,0,0
swe_test_track_a_00329,0,0,0,1,0,0
swe_test_track_a_00330,1,1,0,0,1,0
swe_test_track_a_00331,0,0,0,1,0,0
swe_test_track_a_00332,0,0,0,1,0,0
swe_test_track_a_00333,1,1,0,0,1,1
swe_test_track_a_00334,0,0,0,1,0,0
swe_test_track_a_00335,0,0,0,1,0,0
swe_test_track_a_00336,0,0,0,1,0,0
swe_test_track_a_00337,0,0,0,0,0,0
swe_test_track_a_00338,0,0,0,0,0,0
swe_test_track_a_00339,1,1,0,0,1,0
swe_test_track_a_00340,0,0,0,0,0,0
swe_test_track_a_00341,0,0,0,1,0,0
swe_test_track_a_00342,0,0,0,1,0,0
swe_test_track_a_00343,0,0,0,1,0,0
swe_test_track_a_00344,0,0,0,0,0,0
swe_test_track_a_00345,1,1,0,0,0,0
swe_test_track_a_00346,1,1,0,0,1,1
swe_test_track_a_00347,0,0,0,0,0,0
swe_test_track_a_00348,0,0,0,0,0,0
swe_test_track_a_00349,0,1,0,1,1,0
swe_test_track_a_00350,0,0,0,0,0,0
swe_test_track_a_00351,0,0,0,0,0,0
swe_test_track_a_00352,0,1,0,0,1,0
swe_test_track_a_00353,0,0,0,1,0,0
swe_test_track_a_00354,0,0,0,1,0,0
swe_test_track_a_00355,0,0,0,0,0,0
swe_test_track_a_00356,0,0,0,1,0,0
swe_test_track_a_00357,0,0,0,1,0,0
swe_test_track_a_00358,0,0,0,0,0,0
swe_test_track_a_00359,0,0,0,0,0,0
swe_test_track_a_00360,0,0,0,1,0,0
swe_test_track_a_00361,0,0,0,1,0,0
swe_test_track_a_00362,0,0,0,1,0,0
swe_test_track_a_00363,0,0,0,0,0,0
swe_test_track_a_00364,0,0,0,1,0,0
swe_test_track_a_00365,0,0,0,1,0,0
swe_test_track_a_00366,0,0,0,1,0,0
swe_test_track_a_00367,1,1,0,0,1,0
swe_test_track_a_00368,0,0,0,0,0,0
swe_test_track_a_00369,1,0,0,0,0,0
swe_test_track_a_00370,0,0,0,1,0,0
swe_test_track_a_00371,0,0,0,0,0,0
swe_test_track_a_00372,0,0,0,0,0,0
swe_test_track_a_00373,0,0,0,0,0,0
swe_test_track_a_00374,0,0,0,1,0,0
swe_test_track_a_00375,0,0,0,1,0,0
swe_test_track_a_00376,1,1,0,1,1,0
swe_test_track_a_00377,0,0,0,0,0,0
swe_test_track_a_00378,1,1,0,0,1,0
swe_test_track_a_00379,1,1,0,1,1,0
swe_test_track_a_00380,0,0,0,1,0,0
swe_test_track_a_00381,1,1,0,0,1,0
swe_test_track_a_00382,0,0,0,1,0,0
swe_test_track_a_00383,0,0,0,0,0,0
swe_test_track_a_00384,0,0,0,1,1,0
swe_test_track_a_00385,0,0,0,0,0,0
swe_test_track_a_00386,1,1,0,1,1,0
swe_test_track_a_00387,1,1,0,1,1,1
swe_test_track_a_00388,0,0,0,0,0,0
swe_test_track_a_00389,0,0,0,0,0,0
swe_test_track_a_00390,0,0,0,0,0,0
swe_test_track_a_00391,0,0,0,0,0,0
swe_test_track_a_00392,0,0,0,0,0,0
swe_test_track_a_00393,0,1,0,1,1,0
swe_test_track_a_00394,0,0,0,1,0,0
swe_test_track_a_00395,0,0,0,1,0,0
swe_test_track_a_00396,0,0,0,0,0,0
swe_test_track_a_00397,1,1,0,0,1,0
swe_test_track_a_00398,0,0,0,0,0,0
swe_test_track_a_00399,0,0,0,0,0,0
swe_test_track_a_00400,0,0,1,0,0,0
swe_test_track_a_00401,0,0,0,0,0,0
swe_test_track_a_00402,1,1,0,0,1,1
swe_test_track_a_00403,1,1,0,0,1,0
swe_test_track_a_00404,1,1,0,0,1,0
swe_test_track_a_00405,0,0,0,1,0,0
swe_test_track_a_00406,0,0,0,1,0,0
swe_test_track_a_00407,1,1,0,0,1,0
swe_test_track_a_00408,0,0,0,0,0,0
swe_test_track_a_00409,0,0,0,0,0,0
swe_test_track_a_00410,0,0,0,0,0,0
swe_test_track_a_00411,0,0,0,0,0,0
swe_test_track_a_00412,0,0,0,1,0,0
swe_test_track_a_00413,0,0,0,1,0,0
swe_test_track_a_00414,0,0,0,0,0,0
swe_test_track_a_00415,0,0,0,0,0,0
swe_test_track_a_00416,0,0,0,0,0,0
swe_test_track_a_00417,1,1,0,0,0,0
swe_test_track_a_00418,0,0,0,0,0,0
swe_test_track_a_00419,0,0,0,1,0,0
swe_test_track_a_00420,0,0,0,0,0,0
swe_test_track_a_00421,0,0,0,0,0,0
swe_test_track_a_00422,1,1,0,0,1,0
swe_test_track_a_00423,0,0,0,0,0,0
swe_test_track_a_00424,0,0,0,0,0,0
swe_test_track_a_00425,1,1,0,0,1,0
swe_test_track_a_00426,0,0,0,1,0,0
swe_test_track_a_00427,0,0,0,1,0,0
swe_test_track_a_00428,0,0,0,0,0,0
swe_test_track_a_00429,0,0,0,0,0,0
swe_test_track_a_00430,1,1,0,0,1,0
swe_test_track_a_00431,0,0,0,0,0,0
swe_test_track_a_00432,0,0,0,1,0,0
swe_test_track_a_00433,0,1,0,1,1,0
swe_test_track_a_00434,0,0,0,0,0,0
swe_test_track_a_00435,0,0,0,1,0,0
swe_test_track_a_00436,0,0,0,1,0,0
swe_test_track_a_00437,0,0,0,0,0,0
swe_test_track_a_00438,0,1,0,1,1,0
swe_test_track_a_00439,0,0,0,1,0,0
swe_test_track_a_00440,0,0,0,0,0,0
swe_test_track_a_00441,0,0,0,1,0,0
swe_test_track_a_00442,1,1,0,0,1,1
swe_test_track_a_00443,0,0,0,1,0,0
swe_test_track_a_00444,0,0,0,0,0,0
swe_test_track_a_00445,0,0,0,1,0,0
swe_test_track_a_00446,0,0,0,0,0,0
swe_test_track_a_00447,0,0,0,1,0,0
swe_test_track_a_00448,0,0,0,1,0,0
swe_test_track_a_00449,0,0,0,0,0,0
swe_test_track_a_00450,1,1,0,0,1,0
swe_test_track_a_00451,0,0,0,1,0,0
swe_test_track_a_00452,0,1,0,1,1,0
swe_test_track_a_00453,0,0,0,1,0,0
swe_test_track_a_00454,0,0,0,1,0,0
swe_test_track_a_00455,0,0,0,0,0,0
swe_test_track_a_00456,0,0,0,1,0,0
swe_test_track_a_00457,0,0,0,1,0,0
swe_test_track_a_00458,0,0,0,0,0,0
swe_test_track_a_00459,0,0,0,0,0,0
swe_test_track_a_00460,0,0,0,0,0,0
swe_test_track_a_00461,0,0,0,0,0,0
swe_test_track_a_00462,0,1,0,1,1,0
swe_test_track_a_00463,1,1,0,0,1,1
swe_test_track_a_00464,0,0,0,0,0,0
swe_test_track_a_00465,0,0,0,1,0,0
swe_test_track_a_00466,0,0,0,1,0,0
swe_test_track_a_00467,0,0,0,0,0,0
swe_test_track_a_00468,0,0,0,1,0,0
swe_test_track_a_00469,0,0,0,0,0,0
swe_test_track_a_00470,1,1,0,0,1,0
swe_test_track_a_00471,0,0,0,0,0,0
swe_test_track_a_00472,1,1,0,0,1,0
swe_test_track_a_00473,0,0,0,1,0,0
swe_test_track_a_00474,0,0,0,0,0,0
swe_test_track_a_00475,1,1,0,0,1,1
swe_test_track_a_00476,0,0,0,0,0,0
swe_test_track_a_00477,0,0,0,0,0,0
swe_test_track_a_00478,0,0,0,0,0,0
swe_test_track_a_00479,0,0,0,1,1,0
swe_test_track_a_00480,0,0,0,0,0,0
swe_test_track_a_00481,1,1,0,0,1,0
swe_test_track_a_00482,0,0,0,0,0,0
swe_test_track_a_00483,0,0,0,0,0,0
swe_test_track_a_00484,1,1,0,0,1,0
swe_test_track_a_00485,0,0,0,1,0,0
swe_test_track_a_00486,0,0,0,1,0,0
swe_test_track_a_00487,0,1,0,1,1,0
swe_test_track_a_00488,1,1,0,0,0,0
swe_test_track_a_00489,0,0,0,1,0,0
swe_test_track_a_00490,0,0,0,1,0,0
swe_test_track_a_00491,0,0,0,1,0,0
swe_test_track_a_00492,0,0,1,0,0,0
swe_test_track_a_00493,0,0,0,1,0,0
swe_test_track_a_00494,0,0,0,0,0,0
swe_test_track_a_00495,0,0,0,0,0,0
swe_test_track_a_00496,1,1,0,0,0,0
swe_test_track_a_00497,0,0,0,1,0,0
swe_test_track_a_00498,0,0,0,1,0,0
swe_test_track_a_00499,0,0,0,1,0,0
swe_test_track_a_00500,1,1,0,1,1,0
swe_test_track_a_00501,0,0,0,0,0,0
swe_test_track_a_00502,1,1,0,0,0,0
swe_test_track_a_00503,0,0,0,1,0,0
swe_test_track_a_00504,0,0,0,0,0,0
swe_test_track_a_00505,0,0,0,0,0,0
swe_test_track_a_00506,1,1,0,1,1,1
swe_test_track_a_00507,0,0,0,0,0,0
swe_test_track_a_00508,0,0,0,0,0,0
swe_test_track_a_00509,0,0,0,1,0,0
swe_test_track_a_00510,0,0,0,0,0,0
swe_test_track_a_00511,0,0,0,0,0,0
swe_test_track_a_00512,0,0,0,0,0,0
swe_test_track_a_00513,0,0,0,1,0,0
swe_test_track_a_00514,0,0,0,1,0,0
swe_test_track_a_00515,1,1,0,0,1,0
swe_test_track_a_00516,0,0,0,0,0,0
swe_test_track_a_00517,0,1,0,1,0,0
swe_test_track_a_00518,0,0,0,1,0,0
swe_test_track_a_00519,0,0,0,1,0,0
swe_test_track_a_00520,1,1,0,0,0,0
swe_test_track_a_00521,1,1,0,0,1,0
swe_test_track_a_00522,0,0,0,0,0,0
swe_test_track_a_00523,0,0,0,1,0,0
swe_test_track_a_00524,0,0,0,0,0,0
swe_test_track_a_00525,0,0,0,1,0,0
swe_test_track_a_00526,0,0,0,1,0,0
swe_test_track_a_00527,0,0,0,1,0,0
swe_test_track_a_00528,0,0,0,1,0,0
swe_test_track_a_00529,1,1,0,0,1,0
swe_test_track_a_00530,0,0,0,1,0,0
swe_test_track_a_00531,1,1,0,1,1,0
swe_test_track_a_00532,0,0,0,0,0,0
swe_test_track_a_00533,1,0,0,0,0,0
swe_test_track_a_00534,0,0,0,1,0,0
swe_test_track_a_00535,1,1,0,0,1,0
swe_test_track_a_00536,0,0,0,0,0,0
swe_test_track_a_00537,0,0,0,0,0,0
swe_test_track_a_00538,0,0,0,1,0,0
swe_test_track_a_00539,0,0,0,0,0,0
swe_test_track_a_00540,1,1,0,0,1,1
swe_test_track_a_00541,0,0,0,0,0,0
swe_test_track_a_00542,1,1,0,0,1,1
swe_test_track_a_00543,0,0,0,1,0,0
swe_test_track_a_00544,0,0,0,0,0,0
swe_test_track_a_00545,0,0,0,1,0,0
swe_test_track_a_00546,1,1,0,0,1,0
swe_test_track_a_00547,0,1,0,0,0,0
swe_test_track_a_00548,1,1,0,0,1,0
swe_test_track_a_00549,0,0,0,1,0,0
swe_test_track_a_00550,1,0,0,0,0,0
swe_test_track_a_00551,1,1,0,0,1,0
swe_test_track_a_00552,0,0,0,1,0,0
swe_test_track_a_00553,0,0,0,0,0,0
swe_test_track_a_00554,0,0,0,0,0,0
swe_test_track_a_00555,0,0,0,1,0,0
swe_test_track_a_00556,0,0,0,0,0,0
swe_test_track_a_00557,0,0,0,0,0,0
swe_test_track_a_00558,0,0,0,0,0,0
swe_test_track_a_00559,0,0,0,1,0,0
swe_test_track_a_00560,0,1,0,1,1,0
swe_test_track_a_00561,1,1,0,0,1,1
swe_test_track_a_00562,1,1,0,0,1,0
swe_test_track_a_00563,0,0,0,0,0,0
swe_test_track_a_00564,1,1,0,0,1,0
swe_test_track_a_00565,0,0,0,1,0,0
swe_test_track_a_00566,0,0,0,0,0,0
swe_test_track_a_00567,1,1,0,0,1,0
swe_test_track_a_00568,1,1,0,0,1,0
swe_test_track_a_00569,0,0,0,0,0,0
swe_test_track_a_00570,0,0,0,1,0,0
swe_test_track_a_00571,0,0,0,1,0,0
swe_test_track_a_00572,0,0,0,1,0,0
swe_test_track_a_00573,0,0,0,1,0,0
swe_test_track_a_00574,0,0,0,0,0,0
swe_test_track_a_00575,1,1,0,0,0,0
swe_test_track_a_00576,0,0,0,1,0,0
swe_test_track_a_00577,0,0,0,1,0,0
swe_test_track_a_00578,0,0,0,1,0,0
swe_test_track_a_00579,0,1,0,0,1,0
swe_test_track_a_00580,0,0,0,0,0,0
swe_test_track_a_00581,0,0,0,0,0,0
swe_test_track_a_00582,1,1,0,0,1,0
swe_test_track_a_00583,1,1,0,1,1,0
swe_test_track_a_00584,0,0,0,1,0,0
swe_test_track_a_00585,0,0,0,1,0,0
swe_test_track_a_00586,0,1,0,1,1,0
swe_test_track_a_00587,0,0,0,0,0,0
swe_test_track_a_00588,0,0,0,1,0,0
swe_test_track_a_00589,0,0,0,1,0,0
swe_test_track_a_00590,0,0,0,0,0,0
swe_test_track_a_00591,1,1,0,0,1,0
swe_test_track_a_00592,0,0,0,1,0,0
swe_test_track_a_00593,1,1,0,0,1,0
swe_test_track_a_00594,0,0,0,0,0,0
swe_test_track_a_00595,0,0,0,1,0,0
swe_test_track_a_00596,0,0,0,0,0,0
swe_test_track_a_00597,0,0,0,0,0,0
swe_test_track_a_00598,1,1,0,0,0,0
swe_test_track_a_00599,0,0,0,0,0,0
swe_test_track_a_00600,0,0,0,1,0,0
swe_test_track_a_00601,0,0,0,0,0,0
swe_test_track_a_00602,0,0,0,0,0,0
swe_test_track_a_00603,1,1,0,1,1,0
swe_test_track_a_00604,1,1,0,0,1,1
swe_test_track_a_00605,0,0,0,1,0,0
swe_test_track_a_00606,0,0,0,1,0,0
swe_test_track_a_00607,0,0,0,1,0,0
swe_test_track_a_00608,0,0,0,1,0,0
swe_test_track_a_00609,0,0,0,0,0,0
swe_test_track_a_00610,0,0,1,0,0,1
swe_test_track_a_00611,1,1,0,0,1,1
swe_test_track_a_00612,1,1,0,0,1,0
swe_test_track_a_00613,0,0,0,0,0,0
swe_test_track_a_00614,0,0,0,0,0,0
swe_test_track_a_00615,0,0,0,0,0,0
swe_test_track_a_00616,0,0,0,0,0,0
swe_test_track_a_00617,0,0,0,0,0,0
swe_test_track_a_00618,1,1,0,0,1,1
swe_test_track_a_00619,0,0,0,1,0,0
swe_test_track_a_00620,1,1,0,1,1,0
swe_test_track_a_00621,0,0,0,1,0,0
swe_test_track_a_00622,1,0,0,0,0,0
swe_test_track_a_00623,1,1,0,0,0,0
swe_test_track_a_00624,0,0,0,1,0,0
swe_test_track_a_00625,0,0,0,0,0,0
swe_test_track_a_00626,0,0,0,0,0,0
swe_test_track_a_00627,1,1,0,0,1,1
swe_test_track_a_00628,0,0,0,0,0,0
swe_test_track_a_00629,0,0,0,0,0,0
swe_test_track_a_00630,0,0,0,1,0,0
swe_test_track_a_00631,0,0,0,1,0,0
swe_test_track_a_00632,0,0,0,0,0,0
swe_test_track_a_00633,1,1,0,0,1,0
swe_test_track_a_00634,0,0,0,0,0,0
swe_test_track_a_00635,0,0,0,0,0,0
swe_test_track_a_00636,1,1,0,0,1,0
swe_test_track_a_00637,1,1,0,0,0,0
swe_test_track_a_00638,0,0,0,0,0,0
swe_test_track_a_00639,0,0,0,1,0,0
swe_test_track_a_00640,1,1,0,0,1,1
swe_test_track_a_00641,1,1,0,0,1,0
swe_test_track_a_00642,0,1,0,1,1,0
swe_test_track_a_00643,1,0,0,0,0,0
swe_test_track_a_00644,0,0,0,1,0,0
swe_test_track_a_00645,0,0,0,0,0,0
swe_test_track_a_00646,0,0,0,0,0,0
swe_test_track_a_00647,0,0,0,0,0,0
swe_test_track_a_00648,1,0,0,0,0,0
swe_test_track_a_00649,0,0,0,0,0,0
swe_test_track_a_00650,0,0,0,1,0,0
swe_test_track_a_00651,0,0,0,0,0,0
swe_test_track_a_00652,0,0,0,0,0,0
swe_test_track_a_00653,0,0,0,1,0,0
swe_test_track_a_00654,0,0,0,1,0,0
swe_test_track_a_00655,0,0,0,0,0,0
swe_test_track_a_00656,0,0,0,1,0,0
swe_test_track_a_00657,0,0,0,0,0,0
swe_test_track_a_00658,0,0,0,1,0,0
swe_test_track_a_00659,0,0,0,0,0,0
swe_test_track_a_00660,1,0,0,0,0,0
swe_test_track_a_00661,0,0,0,0,0,0
swe_test_track_a_00662,0,0,0,0,0,0
swe_test_track_a_00663,0,0,0,1,0,0
swe_test_track_a_00664,0,0,0,0,0,0
swe_test_track_a_00665,0,0,0,1,0,0
swe_test_track_a_00666,0,0,0,1,0,0
swe_test_track_a_00667,0,0,0,0,0,0
swe_test_track_a_00668,0,0,0,0,0,0
swe_test_track_a_00669,0,0,0,1,0,0
swe_test_track_a_00670,0,0,0,1,0,0
swe_test_track_a_00671,0,0,0,0,0,0
swe_test_track_a_00672,1,1,0,0,1,0
swe_test_track_a_00673,0,0,0,0,0,0
swe_test_track_a_00674,0,0,0,1,0,0
swe_test_track_a_00675,0,0,0,1,0,0
swe_test_track_a_00676,0,0,0,0,0,0
swe_test_track_a_00677,0,0,0,0,0,0
swe_test_track_a_00678,0,0,0,1,0,0
swe_test_track_a_00679,0,0,0,1,0,0
swe_test_track_a_00680,0,0,0,0,0,0
swe_test_track_a_00681,1,1,0,0,1,0
swe_test_track_a_00682,0,0,0,1,0,0
swe_test_track_a_00683,0,0,0,0,0,0
swe_test_track_a_00684,0,0,0,0,0,0
swe_test_track_a_00685,0,0,0,0,0,0
swe_test_track_a_00686,0,0,1,0,0,0
swe_test_track_a_00687,0,0,0,0,0,0
swe_test_track_a_00688,0,0,0,1,0,0
swe_test_track_a_00689,0,1,0,0,1,0
swe_test_track_a_00690,0,0,0,1,0,0
swe_test_track_a_00691,0,0,0,1,0,0
swe_test_track_a_00692,0,0,0,1,0,0
swe_test_track_a_00693,0,0,0,0,0,0
swe_test_track_a_00694,0,0,0,0,0,0
swe_test_track_a_00695,1,1,0,0,1,0
swe_test_track_a_00696,0,0,0,1,0,0
swe_test_track_a_00697,0,0,0,1,0,0
swe_test_track_a_00698,0,0,0,0,0,0
swe_test_track_a_00699,0,0,0,1,0,0
swe_test_track_a_00700,0,0,0,0,0,0
swe_test_track_a_00701,0,0,0,1,0,0
swe_test_track_a_00702,1,1,0,0,0,0
swe_test_track_a_00703,0,0,0,0,0,0
swe_test_track_a_00704,0,0,0,1,0,0
swe_test_track_a_00705,0,0,0,1,0,0
swe_test_track_a_00706,0,0,0,0,0,0
swe_test_track_a_00707,0,0,0,0,0,0
swe_test_track_a_00708,0,0,0,1,0,0
swe_test_track_a_00709,0,0,0,0,0,0
swe_test_track_a_00710,0,0,0,0,0,0
swe_test_track_a_00711,1,1,0,0,1,0
swe_test_track_a_00712,0,0,0,0,0,0
swe_test_track_a_00713,0,1,0,1,1,0
swe_test_track_a_00714,0,0,0,0,0,0
swe_test_track_a_00715,0,0,0,1,0,0
swe_test_track_a_00716,1,1,0,1,1,0
swe_test_track_a_00717,0,0,0,0,0,0
swe_test_track_a_00718,1,1,0,1,1,1
swe_test_track_a_00719,1,1,0,0,1,0
swe_test_track_a_00720,0,0,0,1,0,0
swe_test_track_a_00721,0,0,0,0,0,0
swe_test_track_a_00722,0,0,0,0,0,0
swe_test_track_a_00723,0,0,0,0,0,0
swe_test_track_a_00724,0,0,0,0,0,0
swe_test_track_a_00725,0,0,0,0,0,0
swe_test_track_a_00726,0,0,0,1,0,0
swe_test_track_a_00727,0,0,0,1,0,0
swe_test_track_a_00728,0,1,0,1,1,0
swe_test_track_a_00729,0,0,0,1,0,0
swe_test_track_a_00730,0,0,0,1,0,0
swe_test_track_a_00731,1,1,0,0,0,0
swe_test_track_a_00732,1,1,0,0,1,0
swe_test_track_a_00733,0,0,0,0,0,0
swe_test_track_a_00734,1,0,0,0,0,0
swe_test_track_a_00735,0,0,0,0,0,0
swe_test_track_a_00736,0,0,0,1,0,0
swe_test_track_a_00737,0,1,0,1,1,0
swe_test_track_a_00738,0,0,0,0,0,0
swe_test_track_a_00739,0,0,0,0,0,0
swe_test_track_a_00740,1,1,0,0,1,1
swe_test_track_a_00741,0,0,0,1,0,0
swe_test_track_a_00742,0,0,0,1,0,0
swe_test_track_a_00743,1,1,0,0,0,0
swe_test_track_a_00744,0,0,0,0,0,0
swe_test_track_a_00745,1,1,0,0,1,0
swe_test_track_a_00746,0,0,0,1,0,0
swe_test_track_a_00747,0,0,0,0,0,0
swe_test_track_a_00748,0,0,0,1,0,0
swe_test_track_a_00749,0,0,0,0,0,0
swe_test_track_a_00750,1,1,0,0,1,0
swe_test_track_a_00751,0,0,0,0,0,0
swe_test_track_a_00752,0,0,0,0,0,0
swe_test_track_a_00753,0,0,0,1,0,0
swe_test_track_a_00754,0,0,0,1,0,0
swe_test_track_a_00755,0,0,0,0,0,0
swe_test_track_a_00756,0,0,0,1,0,0
swe_test_track_a_00757,0,0,0,0,0,0
swe_test_track_a_00758,1,1,0,0,1,1
swe_test_track_a_00759,0,0,0,1,0,0
swe_test_track_a_00760,1,1,0,0,1,0
swe_test_track_a_00761,0,0,0,0,0,0
swe_test_track_a_00762,1,1,0,0,0,0
swe_test_track_a_00763,1,0,0,0,0,0
swe_test_track_a_00764,1,1,0,0,1,1
swe_test_track_a_00765,0,0,0,0,0,0
swe_test_track_a_00766,1,1,0,1,1,0
swe_test_track_a_00767,0,0,0,1,0,0
swe_test_track_a_00768,0,0,0,0,0,0
swe_test_track_a_00769,0,0,0,0,0,0
swe_test_track_a_00770,0,0,0,1,0,0
swe_test_track_a_00771,0,0,0,0,0,0
swe_test_track_a_00772,0,0,0,1,0,0
swe_test_track_a_00773,0,0,0,0,0,0
swe_test_track_a_00774,0,0,0,1,0,0
swe_test_track_a_00775,0,0,0,0,0,0
swe_test_track_a_00776,1,1,0,0,1,1
swe_test_track_a_00777,0,0,1,0,0,0
swe_test_track_a_00778,0,0,0,1,0,0
swe_test_track_a_00779,0,0,0,0,0,0
swe_test_track_a_00780,0,0,0,0,0,0
swe_test_track_a_00781,0,0,0,0,0,0
swe_test_track_a_00782,0,0,0,1,0,0
swe_test_track_a_00783,0,0,0,0,0,0
swe_test_track_a_00784,1,1,0,0,1,1
swe_test_track_a_00785,0,0,0,0,0,0
swe_test_track_a_00786,0,0,0,1,0,0
swe_test_track_a_00787,0,0,0,0,0,0
swe_test_track_a_00788,0,0,0,0,0,0
swe_test_track_a_00789,0,0,0,1,0,0
swe_test_track_a_00790,0,0,0,1,0,0
swe_test_track_a_00791,0,0,0,1,0,0
swe_test_track_a_00792,0,0,0,0,0,0
swe_test_track_a_00793,0,0,0,1,0,0
swe_test_track_a_00794,1,1,0,0,0,0
swe_test_track_a_00795,1,1,0,0,1,0
swe_test_track_a_00796,0,0,0,1,0,0
swe_test_track_a_00797,0,0,0,1,0,0
swe_test_track_a_00798,1,1,0,0,1,0
swe_test_track_a_00799,0,0,0,1,0,0
swe_test_track_a_00800,0,0,0,1,0,0
swe_test_track_a_00801,0,0,0,0,0,0
swe_test_track_a_00802,0,0,0,1,0,0
swe_test_track_a_00803,1,0,0,0,0,0
swe_test_track_a_00804,0,0,1,0,0,0
swe_test_track_a_00805,0,0,0,1,0,0
swe_test_track_a_00806,0,0,0,1,0,0
swe_test_track_a_00807,1,1,0,1,1,0
swe_test_track_a_00808,0,0,0,1,0,0
swe_test_track_a_00809,0,0,0,0,0,0
swe_test_track_a_00810,0,0,0,1,0,0
swe_test_track_a_00811,0,0,0,1,0,0
swe_test_track_a_00812,0,0,0,1,0,0
swe_test_track_a_00813,0,0,0,1,0,0
swe_test_track_a_00814,0,0,0,1,0,0
swe_test_track_a_00815,0,0,0,0,0,0
swe_test_track_a_00816,1,1,0,0,1,0
swe_test_track_a_00817,0,0,0,0,0,0
swe_test_track_a_00818,0,0,0,0,0,0
swe_test_track_a_00819,0,0,0,1,0,0
swe_test_track_a_00820,0,0,0,1,0,0
swe_test_track_a_00821,0,0,0,0,0,0
swe_test_track_a_00822,0,0,0,1,0,0
swe_test_track_a_00823,1,1,0,0,1,0
swe_test_track_a_00824,0,0,0,1,0,0
swe_test_track_a_00825,0,0,0,1,0,0
swe_test_track_a_00826,0,0,0,1,0,0
swe_test_track_a_00827,1,1,0,0,1,0
swe_test_track_a_00828,0,0,0,0,0,0
swe_test_track_a_00829,0,0,0,1,0,0
swe_test_track_a_00830,1,0,0,0,0,0
swe_test_track_a_00831,0,0,0,1,0,0
swe_test_track_a_00832,1,1,0,0,1,1
swe_test_track_a_00833,1,1,0,0,1,1
swe_test_track_a_00834,0,0,0,0,0,0
swe_test_track_a_00835,0,0,0,0,0,0
swe_test_track_a_00836,0,0,0,1,0,0
swe_test_track_a_00837,0,0,0,1,0,0
swe_test_track_a_00838,1,1,0,0,1,1
swe_test_track_a_00839,0,0,0,0,0,0
swe_test_track_a_00840,0,0,0,0,0,0
swe_test_track_a_00841,0,0,1,0,0,0
swe_test_track_a_00842,0,0,0,0,0,0
swe_test_track_a_00843,0,0,0,1,0,0
swe_test_track_a_00844,0,0,0,0,0,0
swe_test_track_a_00845,0,0,0,1,0,0
swe_test_track_a_00846,1,1,0,1,1,0
swe_test_track_a_00847,0,0,0,0,0,0
swe_test_track_a_00848,0,0,0,1,0,0
swe_test_track_a_00849,0,0,0,1,0,0
swe_test_track_a_00850,1,1,0,0,1,0
swe_test_track_a_00851,1,1,0,0,0,0
swe_test_track_a_00852,0,0,0,0,0,0
swe_test_track_a_00853,0,0,0,0,0,0
swe_test_track_a_00854,0,0,0,0,0,0
swe_test_track_a_00855,1,1,0,1,1,1
swe_test_track_a_00856,1,1,0,0,1,0
swe_test_track_a_00857,0,0,0,1,0,0
swe_test_track_a_00858,0,0,0,1,1,0
swe_test_track_a_00859,1,1,0,1,1,0
swe_test_track_a_00860,0,0,0,1,0,0
swe_test_track_a_00861,0,0,0,0,0,0
swe_test_track_a_00862,1,1,0,0,1,0
swe_test_track_a_00863,0,0,0,1,0,0
swe_test_track_a_00864,0,0,0,1,0,0
swe_test_track_a_00865,0,0,0,0,0,0
swe_test_track_a_00866,1,1,0,0,1,0
swe_test_track_a_00867,1,1,0,0,1,0
swe_test_track_a_00868,0,0,0,0,0,0
swe_test_track_a_00869,1,0,0,0,0,0
swe_test_track_a_00870,0,0,0,0,0,0
swe_test_track_a_00871,0,0,0,1,0,0
swe_test_track_a_00872,0,0,0,1,0,0
swe_test_track_a_00873,0,0,0,1,0,0
swe_test_track_a_00874,0,0,0,1,0,0
swe_test_track_a_00875,0,0,0,1,0,0
swe_test_track_a_00876,0,0,0,0,0,0
swe_test_track_a_00877,0,0,0,0,0,0
swe_test_track_a_00878,0,0,0,1,0,0
swe_test_track_a_00879,0,1,0,1,1,0
swe_test_track_a_00880,1,1,0,1,1,0
swe_test_track_a_00881,1,0,0,0,0,0
swe_test_track_a_00882,0,0,0,0,0,0
swe_test_track_a_00883,0,0,0,0,0,0
swe_test_track_a_00884,0,0,0,1,0,0
swe_test_track_a_00885,0,0,0,1,0,0
swe_test_track_a_00886,0,0,0,0,0,0
swe_test_track_a_00887,0,0,0,0,0,0
swe_test_track_a_00888,1,1,0,0,1,0
swe_test_track_a_00889,0,0,0,1,0,0
swe_test_track_a_00890,0,0,0,1,0,0
swe_test_track_a_00891,0,0,0,0,0,0
swe_test_track_a_00892,0,0,0,0,0,0
swe_test_track_a_00893,1,1,0,0,1,1
swe_test_track_a_00894,0,0,0,0,0,0
swe_test_track_a_00895,1,1,0,0,1,0
swe_test_track_a_00896,0,0,0,1,0,0
swe_test_track_a_00897,0,0,0,0,0,0
swe_test_track_a_00898,0,0,0,1,0,0
swe_test_track_a_00899,0,0,0,1,0,0
swe_test_track_a_00900,0,0,0,1,0,0
swe_test_track_a_00901,0,0,0,0,0,0
swe_test_track_a_00902,0,0,0,0,0,0
swe_test_track_a_00903,1,1,0,0,1,1
swe_test_track_a_00904,0,1,0,0,1,0
swe_test_track_a_00905,0,0,0,0,0,0
swe_test_track_a_00906,0,0,0,1,0,0
swe_test_track_a_00907,0,0,0,1,0,0
swe_test_track_a_00908,0,0,0,1,0,0
swe_test_track_a_00909,0,0,0,1,0,0
swe_test_track_a_00910,0,0,0,1,0,0
swe_test_track_a_00911,0,0,0,0,0,0
swe_test_track_a_00912,1,1,0,0,1,0
swe_test_track_a_00913,0,0,0,1,0,0
swe_test_track_a_00914,1,0,0,0,0,0
swe_test_track_a_00915,0,0,0,1,0,0
swe_test_track_a_00916,1,1,0,0,1,0
swe_test_track_a_00917,0,0,0,1,0,0
swe_test_track_a_00918,0,0,0,1,0,0
swe_test_track_a_00919,0,1,0,0,0,0
swe_test_track_a_00920,0,0,0,1,0,0
swe_test_track_a_00921,1,1,0,0,1,0
swe_test_track_a_00922,0,0,0,1,0,0
swe_test_track_a_00923,0,0,0,0,0,0
swe_test_track_a_00924,1,1,0,1,1,0
swe_test_track_a_00925,0,0,0,0,0,0
swe_test_track_a_00926,1,1,0,0,1,1
swe_test_track_a_00927,0,0,0,1,0,0
swe_test_track_a_00928,0,0,0,1,0,0
swe_test_track_a_00929,0,0,0,1,0,0
swe_test_track_a_00930,0,0,0,0,0,0
swe_test_track_a_00931,0,0,0,1,0,0
swe_test_track_a_00932,0,0,0,1,0,0
swe_test_track_a_00933,0,1,0,0,1,0
swe_test_track_a_00934,0,0,0,1,0,0
swe_test_track_a_00935,0,0,0,0,0,0
swe_test_track_a_00936,0,0,0,1,0,0
swe_test_track_a_00937,0,0,0,0,0,0
swe_test_track_a_00938,0,0,0,1,0,0
swe_test_track_a_00939,0,0,0,1,0,0
swe_test_track_a_00940,1,1,0,0,1,0
swe_test_track_a_00941,1,1,0,0,1,1
swe_test_track_a_00942,1,1,0,0,1,0
swe_test_track_a_00943,0,0,0,1,0,0
swe_test_track_a_00944,0,0,0,0,0,0
swe_test_track_a_00945,0,0,0,0,0,0
swe_test_track_a_00946,1,1,0,0,0,0
swe_test_track_a_00947,0,0,0,1,0,0
swe_test_track_a_00948,0,0,0,1,0,0
swe_test_track_a_00949,0,0,0,1,0,0
swe_test_track_a_00950,0,0,0,0,0,0
swe_test_track_a_00951,0,0,0,1,0,0
swe_test_track_a_00952,0,0,0,1,0,0
swe_test_track_a_00953,0,0,0,1,0,0
swe_test_track_a_00954,0,0,0,1,0,0
swe_test_track_a_00955,0,0,0,0,0,0
swe_test_track_a_00956,0,0,0,1,0,0
swe_test_track_a_00957,1,1,0,0,1,0
swe_test_track_a_00958,0,0,0,1,0,0
swe_test_track_a_00959,0,0,0,1,0,0
swe_test_track_a_00960,0,0,0,1,0,0
swe_test_track_a_00961,0,0,0,0,0,0
swe_test_track_a_00962,1,1,0,0,1,0
swe_test_track_a_00963,0,0,0,0,0,0
swe_test_track_a_00964,0,0,0,0,0,0
swe_test_track_a_00965,1,1,0,1,1,0
swe_test_track_a_00966,0,0,0,0,0,0
swe_test_track_a_00967,0,0,0,1,0,0
swe_test_track_a_00968,0,0,0,0,0,0
swe_test_track_a_00969,0,1,0,0,1,0
swe_test_track_a_00970,0,0,0,0,0,0
swe_test_track_a_00971,0,0,0,1,0,0
swe_test_track_a_00972,0,0,0,0,0,0
swe_test_track_a_00973,1,1,0,0,1,0
swe_test_track_a_00974,1,1,0,0,0,0
swe_test_track_a_00975,0,0,0,1,0,0
swe_test_track_a_00976,0,0,0,0,0,0
swe_test_track_a_00977,0,0,0,0,0,0
swe_test_track_a_00978,0,0,0,0,0,0
swe_test_track_a_00979,0,0,0,1,0,0
swe_test_track_a_00980,0,0,0,0,0,0
swe_test_track_a_00981,1,1,0,1,1,0
swe_test_track_a_00982,0,0,0,1,0,0
swe_test_track_a_00983,0,0,0,1,0,0
swe_test_track_a_00984,1,1,0,0,1,0
swe_test_track_a_00985,0,0,0,1,0,0
swe_test_track_a_00986,0,0,0,1,0,0
swe_test_track_a_00987,1,1,0,0,1,1
swe_test_track_a_00988,1,1,0,0,1,0
swe_test_track_a_00989,0,0,0,1,0,0
swe_test_track_a_00990,0,0,0,1,0,0
swe_test_track_a_00991,1,1,0,0,1,0
swe_test_track_a_00992,0,0,0,1,0,0
swe_test_track_a_00993,0,0,0,0,0,0
swe_test_track_a_00994,1,1,0,0,1,1
swe_test_track_a_00995,1,1,0,0,1,0
swe_test_track_a_00996,0,0,0,1,0,0
swe_test_track_a_00997,1,1,0,0,1,0
swe_test_track_a_00998,0,0,0,0,0,0
swe_test_track_a_00999,0,0,0,1,0,0
swe_test_track_a_01000,0,0,0,0,0,0
swe_test_track_a_01001,0,0,0,0,0,0
swe_test_track_a_01002,1,1,0,0,1,0
swe_test_track_a_01003,0,0,0,1,0,0
swe_test_track_a_01004,0,0,0,0,0,0
swe_test_track_a_01005,1,1,0,0,1,0
swe_test_track_a_01006,0,0,0,0,0,0
swe_test_track_a_01007,1,1,0,0,1,0
swe_test_track_a_01008,0,0,0,1,0,0
swe_test_track_a_01009,0,0,0,0,0,0
swe_test_track_a_01010,1,1,0,0,1,0
swe_test_track_a_01011,1,1,0,0,0,0
swe_test_track_a_01012,0,0,0,1,0,0
swe_test_track_a_01013,0,0,0,0,0,0
swe_test_track_a_01014,1,1,0,0,1,0
swe_test_track_a_01015,0,0,0,0,0,0
swe_test_track_a_01016,0,0,0,0,0,0
swe_test_track_a_01017,0,0,0,1,0,0
swe_test_track_a_01018,0,0,0,1,0,0
swe_test_track_a_01019,0,0,0,0,0,0
swe_test_track_a_01020,1,1,0,0,0,0
swe_test_track_a_01021,1,1,0,0,1,0
swe_test_track_a_01022,0,0,0,0,0,0
swe_test_track_a_01023,0,0,0,0,0,0
swe_test_track_a_01024,1,1,0,0,1,1
swe_test_track_a_01025,1,1,0,0,1,0
swe_test_track_a_01026,0,0,0,1,0,0
swe_test_track_a_01027,0,0,0,1,0,0
swe_test_track_a_01028,0,0,0,0,0,0
swe_test_track_a_01029,0,0,0,1,0,0
swe_test_track_a_01030,1,1,0,1,1,1
swe_test_track_a_01031,0,0,0,0,0,0
swe_test_track_a_01032,0,0,0,0,0,0
swe_test_track_a_01033,0,0,0,1,1,0
swe_test_track_a_01034,0,0,0,0,0,0
swe_test_track_a_01035,0,0,0,1,0,0
swe_test_track_a_01036,0,0,0,1,0,0
swe_test_track_a_01037,0,1,0,0,0,0
swe_test_track_a_01038,0,0,0,0,0,0
swe_test_track_a_01039,0,0,0,1,0,0
swe_test_track_a_01040,0,0,0,0,0,0
swe_test_track_a_01041,0,0,0,1,0,0
swe_test_track_a_01042,1,1,0,0,1,1
swe_test_track_a_01043,0,0,0,0,0,0
swe_test_track_a_01044,0,0,0,1,0,0
swe_test_track_a_01045,0,0,0,0,0,0
swe_test_track_a_01046,0,0,0,0,0,0
swe_test_track_a_01047,0,0,0,1,0,0
swe_test_track_a_01048,0,0,0,1,0,0
swe_test_track_a_01049,0,1,0,0,0,0
swe_test_track_a_01050,0,0,0,1,0,0
swe_test_track_a_01051,0,0,0,0,0,0
swe_test_track_a_01052,1,1,0,0,0,0
swe_test_track_a_01053,0,0,0,0,0,0
swe_test_track_a_01054,0,0,0,1,0,0
swe_test_track_a_01055,0,0,0,0,0,0
swe_test_track_a_01056,0,0,0,0,0,0
swe_test_track_a_01057,0,0,0,0,0,0
swe_test_track_a_01058,0,0,0,1,0,0
swe_test_track_a_01059,1,1,0,0,1,0
swe_test_track_a_01060,1,1,0,0,1,0
swe_test_track_a_01061,0,0,0,1,0,0
swe_test_track_a_01062,0,0,0,0,0,0
swe_test_track_a_01063,0,0,0,1,0,0
swe_test_track_a_01064,0,0,0,1,0,0
swe_test_track_a_01065,0,0,0,1,0,0
swe_test_track_a_01066,0,0,0,0,0,0
swe_test_track_a_01067,0,0,0,1,0,0
swe_test_track_a_01068,0,0,0,0,0,0
swe_test_track_a_01069,0,0,0,1,0,0
swe_test_track_a_01070,0,0,0,0,0,0
swe_test_track_a_01071,0,0,0,1,0,0
swe_test_track_a_01072,1,1,0,0,0,0
swe_test_track_a_01073,0,0,0,1,0,0
swe_test_track_a_01074,1,1,0,1,1,1
swe_test_track_a_01075,0,0,0,0,0,0
swe_test_track_a_01076,0,0,0,1,0,0
swe_test_track_a_01077,1,0,0,0,0,0
swe_test_track_a_01078,0,0,0,0,0,0
swe_test_track_a_01079,0,0,0,0,0,0
swe_test_track_a_01080,0,0,0,0,0,0
swe_test_track_a_01081,0,0,0,1,0,0
swe_test_track_a_01082,1,1,0,0,1,0
swe_test_track_a_01083,0,0,0,0,0,0
swe_test_track_a_01084,0,0,0,0,0,0
swe_test_track_a_01085,0,0,0,0,0,0
swe_test_track_a_01086,0,0,0,0,0,0
swe_test_track_a_01087,0,1,0,1,1,0
swe_test_track_a_01088,0,0,0,0,0,0
swe_test_track_a_01089,1,1,0,0,1,1
swe_test_track_a_01090,0,1,0,0,0,0
swe_test_track_a_01091,0,0,0,0,0,0
swe_test_track_a_01092,0,0,0,0,0,0
swe_test_track_a_01093,0,0,0,1,0,0
swe_test_track_a_01094,0,0,0,0,0,0
swe_test_track_a_01095,0,0,0,1,0,0
swe_test_track_a_01096,0,0,0,0,0,0
swe_test_track_a_01097,1,1,0,0,1,0
swe_test_track_a_01098,0,0,0,1,0,0
swe_test_track_a_01099,0,0,0,1,0,0
swe_test_track_a_01100,1,1,0,1,1,1
swe_test_track_a_01101,0,0,0,1,0,0
swe_test_track_a_01102,1,1,0,0,1,0
swe_test_track_a_01103,0,0,0,0,0,0
swe_test_track_a_01104,0,0,0,0,0,0
swe_test_track_a_01105,0,0,0,0,0,0
swe_test_track_a_01106,0,0,0,1,0,0
swe_test_track_a_01107,0,0,0,0,0,0
swe_test_track_a_01108,0,0,0,0,0,0
swe_test_track_a_01109,0,0,0,0,0,0
swe_test_track_a_01110,0,0,0,0,0,0
swe_test_track_a_01111,0,0,0,0,0,0
swe_test_track_a_01112,1,1,0,0,0,0
swe_test_track_a_01113,0,0,0,0,0,0
swe_test_track_a_01114,0,0,0,1,0,0
swe_test_track_a_01115,0,0,0,0,0,0
swe_test_track_a_01116,0,0,0,0,0,0
swe_test_track_a_01117,1,1,0,0,1,0
swe_test_track_a_01118,0,0,0,0,0,0
swe_test_track_a_01119,1,1,0,0,1,0
swe_test_track_a_01120,0,1,0,1,1,0
swe_test_track_a_01121,0,0,0,1,0,0
swe_test_track_a_01122,0,0,0,0,0,0
swe_test_track_a_01123,0,0,0,1,0,0
swe_test_track_a_01124,0,0,0,1,0,0
swe_test_track_a_01125,1,1,0,0,1,0
swe_test_track_a_01126,0,0,0,0,0,0
swe_test_track_a_01127,0,0,0,1,0,0
swe_test_track_a_01128,0,0,0,1,0,0
swe_test_track_a_01129,1,1,0,0,1,0
swe_test_track_a_01130,1,1,0,0,0,0
swe_test_track_a_01131,0,0,0,0,0,0
swe_test_track_a_01132,0,0,0,0,0,0
swe_test_track_a_01133,0,0,0,0,0,0
swe_test_track_a_01134,0,0,0,0,0,0
swe_test_track_a_01135,0,0,0,1,0,0
swe_test_track_a_01136,0,0,0,0,0,0
swe_test_track_a_01137,0,0,0,1,0,0
swe_test_track_a_01138,0,0,0,0,0,0
swe_test_track_a_01139,0,0,0,1,0,0
swe_test_track_a_01140,0,0,0,0,0,0
swe_test_track_a_01141,0,0,0,0,0,0
swe_test_track_a_01142,0,0,0,1,0,0
swe_test_track_a_01143,0,0,0,1,0,0
swe_test_track_a_01144,1,1,0,0,1,0
swe_test_track_a_01145,0,0,0,1,0,0
swe_test_track_a_01146,0,0,0,1,0,0
swe_test_track_a_01147,0,0,0,1,0,0
swe_test_track_a_01148,0,0,0,1,0,0
swe_test_track_a_01149,1,1,0,0,1,0
swe_test_track_a_01150,0,0,0,1,0,0
swe_test_track_a_01151,0,0,0,1,0,0
swe_test_track_a_01152,0,0,0,1,0,0
swe_test_track_a_01153,0,0,0,0,0,0
swe_test_track_a_01154,0,0,0,1,0,0
swe_test_track_a_01155,0,0,0,1,0,0
swe_test_track_a_01156,0,0,0,0,0,0
swe_test_track_a_01157,1,1,0,0,1,0
swe_test_track_a_01158,1,1,0,0,1,0
swe_test_track_a_01159,0,0,0,0,0,0
swe_test_track_a_01160,0,0,0,0,0,0
swe_test_track_a_01161,1,1,0,0,1,1
swe_test_track_a_01162,0,0,0,1,0,0
swe_test_track_a_01163,1,1,0,0,1,0
swe_test_track_a_01164,0,0,0,0,0,0
swe_test_track_a_01165,0,0,0,1,0,0
swe_test_track_a_01166,0,0,0,0,0,0
swe_test_track_a_01167,0,1,0,1,1,0
swe_test_track_a_01168,0,1,0,0,1,0
swe_test_track_a_01169,0,0,0,0,0,0
swe_test_track_a_01170,0,0,0,0,0,0
swe_test_track_a_01171,0,0,0,1,0,0
swe_test_track_a_01172,1,0,0,0,0,0
swe_test_track_a_01173,0,0,0,1,0,0
swe_test_track_a_01174,0,0,0,0,0,0
swe_test_track_a_01175,1,1,0,0,1,0
swe_test_track_a_01176,0,0,0,1,0,0
swe_test_track_a_01177,0,0,0,1,0,0
swe_test_track_a_01178,0,0,0,1,0,0
swe_test_track_a_01179,0,0,0,1,0,0
swe_test_track_a_01180,0,0,0,0,0,0
swe_test_track_a_01181,0,0,0,0,0,0
swe_test_track_a_01182,0,0,0,0,0,0
swe_test_track_a_01183,0,0,0,1,0,0
swe_test_track_a_01184,0,0,0,1,0,0
swe_test_track_a_01185,0,0,0,0,0,0
swe_test_track_a_01186,0,0,0,1,0,0
swe_test_track_a_01187,0,0,0,1,0,0
swe_test_track_a_01188,1,1,0,0,1,0
